"","train_iter","test_iter","predict_iter","mean","sd"
"1",1,1,1,5.61484748108229,11.7492561215608
"2",1,1,2,5.61405859914145,11.7492561215608
"3",1,1,3,5.61481993897488,11.7492561215608
"4",2,2,1,5.61902180378136,11.7471363759898
"5",2,2,2,5.61960171937984,11.7471363759898
"6",2,2,3,5.61987261833321,11.7471363759898
"7",3,3,1,5.64605601876359,11.7407589331869
"8",3,3,2,5.66156996000561,11.7407589331869
"9",3,3,3,5.66217521810552,11.7407589331869
"10",4,4,1,5.6692559256888,11.7400097196709
"11",4,4,2,5.66962557170937,11.7400097196709
"12",4,4,3,5.66950483470229,11.7400097196709
"13",5,5,1,5.66610831606741,11.7189323435213
"14",5,5,2,5.62416442190412,11.7189323435213
"15",5,5,3,5.62378831590906,11.7189323435213
"16",6,6,1,5.65748026311767,11.7148731939132
"17",6,6,2,5.63083764142383,11.7148731939132
"18",6,6,3,5.65493029609693,11.7148731939132
"19",7,7,1,5.77597475996189,11.7004568747621
"20",7,7,2,5.78829158535347,11.7004568747621
"21",7,7,3,5.73727142636336,11.7004568747621
"22",8,8,1,5.86302653580662,11.6927301448119
"23",8,8,2,5.8556505582605,11.6927301448119
"24",8,8,3,5.79095723767782,11.6927301448119
"25",9,9,1,5.90690280045472,11.6881982177794
"26",9,9,2,5.90135168768896,11.6881982177794
"27",9,9,3,4.81308108560935,11.6881982177794
"28",10,10,1,5.86042936064436,11.597430316965
"29",10,10,2,5.67998955243545,11.597430316965
"30",10,10,3,5.86936760935629,11.597430316965
"31",11,11,1,6.04373108412764,11.5912892677824
"32",11,11,2,6.0520120929606,11.5912892677824
"33",11,11,3,5.82782220953588,11.5912892677824
"34",12,12,1,5.99875520167608,11.5784181463596
"35",12,12,2,6.19108922397793,11.5784181463596
"36",12,12,3,6.18525634117097,11.5784181463596
"37",13,13,1,5.90608534419158,11.5592879872383
"38",13,13,2,5.9175669565421,11.5592879872383
"39",13,13,3,5.91281240620438,11.5592879872383
"40",14,14,1,5.74557448556926,11.4726964548919
"41",14,14,2,5.71720828534756,11.4726964548919
"42",14,14,3,0.959896847440487,11.4726964548919
"43",15,15,1,5.81433492685397,11.6215850318553
"44",15,15,2,5.82470238626586,11.6215850318553
"45",15,15,3,5.67577497422138,11.6215850318553
"46",16,16,1,5.6551179060006,11.6105074889249
"47",16,16,2,5.83264583119225,11.6105074889249
"48",16,16,3,5.86328845795234,11.6105074889249
